"","Survived","Pclass","Sex","Age","SibSp","Parch","Fare","Embarked","Title","Side","Deck"
"1","0","3","male",22,1,0,7.25,"S","Mr",NA,""
"2","1","1","female",38,1,0,71.2833,"C","Mrs",NA,"C"
"3","1","3","female",26,0,0,7.925,"S","Miss",NA,""
"4","1","1","female",35,1,0,53.1,"S","Mrs",NA,"C"
"5","0","3","male",35,0,0,8.05,"S","Mr",NA,""
"6","0","3","male",30,0,0,8.4583,"Q","Mr",NA,""
"7","0","1","male",54,0,0,51.8625,"S","Mr",NA,"E"
"8","0","3","male",2,3,1,21.075,"S","Master",NA,""
"9","1","3","female",27,0,2,11.1333,"S","Mrs",NA,""
"10","1","2","female",14,1,0,30.0708,"C","Mrs",NA,""
"11","1","3","female",4,1,1,16.7,"S","Miss",NA,"G"
"12","1","1","female",58,0,0,26.55,"S","Miss",NA,"C"
"13","0","3","male",20,0,0,8.05,"S","Mr",NA,""
"14","0","3","male",39,1,5,31.275,"S","Mr",NA,""
"15","0","3","female",14,0,0,7.8542,"S","Miss",NA,""
"16","1","2","female",55,0,0,16,"S","Mrs",NA,""
"17","0","3","male",2,4,1,29.125,"Q","Master",NA,""
"18","1","2","male",30,0,0,13,"S","Mr",NA,""
"19","0","3","female",31,1,0,18,"S","Mrs",NA,""
"20","1","3","female",35,0,0,7.225,"C","Mrs",NA,""
"21","0","2","male",35,0,0,26,"S","Mr",NA,""
"22","1","2","male",34,0,0,13,"S","Mr",NA,"D"
"23","1","3","female",15,0,0,8.0292,"Q","Miss",NA,""
"24","1","1","male",28,0,0,35.5,"S","Mr",NA,"A"
"25","0","3","female",8,3,1,21.075,"S","Miss",NA,""
"26","1","3","female",38,1,5,31.3875,"S","Mrs",NA,""
"27","0","3","male",30,0,0,7.225,"C","Mr",NA,""
"28","0","1","male",19,3,2,263,"S","Mr",NA,"C"
"29","1","3","female",22,0,0,7.8792,"Q","Miss",NA,""
"30","0","3","male",30,0,0,7.8958,"S","Mr",NA,""
"31","0","1","male",40,0,0,27.7208,"C","Mr",NA,""
"32","1","1","female",35,1,0,146.5208,"C","Mrs",NA,"B"
"33","1","3","female",22,0,0,7.75,"Q","Miss",NA,""
"34","0","2","male",66,0,0,10.5,"S","Mr",NA,""
"35","0","1","male",28,1,0,82.1708,"C","Mr",NA,""
"36","0","1","male",42,1,0,52,"S","Mr",NA,""
"37","1","3","male",30,0,0,7.2292,"C","Mr",NA,""
"38","0","3","male",21,0,0,8.05,"S","Mr",NA,""
"39","0","3","female",18,2,0,18,"S","Miss",NA,""
"40","1","3","female",14,1,0,11.2417,"C","Miss",NA,""
"41","0","3","female",40,1,0,9.475,"S","Mrs",NA,""
"42","0","2","female",27,1,0,21,"S","Mrs",NA,""
"43","0","3","male",30,0,0,7.8958,"C","Mr",NA,""
"44","1","2","female",3,1,2,41.5792,"C","Miss",NA,""
"45","1","3","female",19,0,0,7.8792,"Q","Miss",NA,""
"46","0","3","male",30,0,0,8.05,"S","Mr",NA,""
"47","0","3","male",30,1,0,15.5,"Q","Mr",NA,""
"48","1","3","female",22,0,0,7.75,"Q","Miss",NA,""
"49","0","3","male",30,2,0,21.6792,"C","Mr",NA,""
"50","0","3","female",18,1,0,17.8,"S","Mrs",NA,""
"51","0","3","male",7,4,1,39.6875,"S","Master",NA,""
"52","0","3","male",21,0,0,7.8,"S","Mr",NA,""
"53","1","1","female",49,1,0,76.7292,"C","Mrs",NA,"D"
"54","1","2","female",29,1,0,26,"S","Mrs",NA,""
"55","0","1","male",65,0,1,61.9792,"C","Mr",NA,"B"
"56","1","1","male",30,0,0,35.5,"S","Mr",NA,"C"
"57","1","2","female",21,0,0,10.5,"S","Miss",NA,""
"58","0","3","male",28.5,0,0,7.2292,"C","Mr",NA,""
"59","1","2","female",5,1,2,27.75,"S","Miss",NA,""
"60","0","3","male",11,5,2,46.9,"S","Master",NA,""
"61","0","3","male",22,0,0,7.2292,"C","Mr",NA,""
"62","1","1","female",38,0,0,80,"","Miss",NA,"B"
"63","0","1","male",45,1,0,83.475,"S","Mr",NA,"C"
"64","0","3","male",4,3,2,27.9,"S","Master",NA,""
"65","0","1","male",30,0,0,27.7208,"C","Mr",NA,""
"66","1","3","male",3.5,1,1,15.2458,"C","Master",NA,""
"67","1","2","female",29,0,0,10.5,"S","Mrs",NA,"F"
"68","0","3","male",19,0,0,8.1583,"S","Mr",NA,""
"69","1","3","female",17,4,2,7.925,"S","Miss",NA,""
"70","0","3","male",26,2,0,8.6625,"S","Mr",NA,""
"71","0","2","male",32,0,0,10.5,"S","Mr",NA,""
"72","0","3","female",16,5,2,46.9,"S","Miss",NA,""
"73","0","2","male",21,0,0,73.5,"S","Mr",NA,""
"74","0","3","male",26,1,0,14.4542,"C","Mr",NA,""
"75","1","3","male",32,0,0,56.4958,"S","Mr",NA,""
"76","0","3","male",25,0,0,7.65,"S","Mr",NA,"F"
"77","0","3","male",30,0,0,7.8958,"S","Mr",NA,""
"78","0","3","male",30,0,0,8.05,"S","Mr",NA,""
"79","1","2","male",0.83,0,2,29,"S","Master",NA,""
"80","1","3","female",30,0,0,12.475,"S","Miss",NA,""
"81","0","3","male",22,0,0,9,"S","Mr",NA,""
"82","1","3","male",29,0,0,9.5,"S","Mr",NA,""
"83","1","3","female",22,0,0,7.7875,"Q","Miss",NA,""
"84","0","1","male",28,0,0,47.1,"S","Mr",NA,""
"85","1","2","female",17,0,0,10.5,"S","Miss",NA,""
"86","1","3","female",33,3,0,15.85,"S","Mrs",NA,""
"87","0","3","male",16,1,3,34.375,"S","Mr",NA,""
"88","0","3","male",30,0,0,8.05,"S","Mr",NA,""
"89","1","1","female",23,3,2,263,"S","Miss",NA,"C"
"90","0","3","male",24,0,0,8.05,"S","Mr",NA,""
"91","0","3","male",29,0,0,8.05,"S","Mr",NA,""
"92","0","3","male",20,0,0,7.8542,"S","Mr",NA,""
"93","0","1","male",46,1,0,61.175,"S","Mr",NA,"E"
"94","0","3","male",26,1,2,20.575,"S","Mr",NA,""
"95","0","3","male",59,0,0,7.25,"S","Mr",NA,""
"96","0","3","male",30,0,0,8.05,"S","Mr",NA,""
"97","0","1","male",71,0,0,34.6542,"C","Mr",NA,"A"
"98","1","1","male",23,0,1,63.3583,"C","Mr",NA,"D"
"99","1","2","female",34,0,1,23,"S","Mrs",NA,""
"100","0","2","male",34,1,0,26,"S","Mr",NA,""
"101","0","3","female",28,0,0,7.8958,"S","Miss",NA,""
"102","0","3","male",30,0,0,7.8958,"S","Mr",NA,""
"103","0","1","male",21,0,1,77.2875,"S","Mr",NA,"D"
"104","0","3","male",33,0,0,8.6542,"S","Mr",NA,""
"105","0","3","male",37,2,0,7.925,"S","Mr",NA,""
"106","0","3","male",28,0,0,7.8958,"S","Mr",NA,""
"107","1","3","female",21,0,0,7.65,"S","Miss",NA,""
"108","1","3","male",30,0,0,7.775,"S","Mr",NA,""
"109","0","3","male",38,0,0,7.8958,"S","Mr",NA,""
"110","1","3","female",22,1,0,24.15,"Q","Miss",NA,""
"111","0","1","male",47,0,0,52,"S","Mr",NA,"C"
"112","0","3","female",14.5,1,0,14.4542,"C","Miss",NA,""
"113","0","3","male",22,0,0,8.05,"S","Mr",NA,""
"114","0","3","female",20,1,0,9.825,"S","Miss",NA,""
"115","0","3","female",17,0,0,14.4583,"C","Miss",NA,""
"116","0","3","male",21,0,0,7.925,"S","Mr",NA,""
"117","0","3","male",70.5,0,0,7.75,"Q","Mr",NA,""
"118","0","2","male",29,1,0,21,"S","Mr",NA,""
"119","0","1","male",24,0,1,247.5208,"C","Mr",NA,"B"
"120","0","3","female",2,4,2,31.275,"S","Miss",NA,""
"121","0","2","male",21,2,0,73.5,"S","Mr",NA,""
"122","0","3","male",30,0,0,8.05,"S","Mr",NA,""
"123","0","2","male",32.5,1,0,30.0708,"C","Mr",NA,""
"124","1","2","female",32.5,0,0,13,"S","Miss",NA,"E"
"125","0","1","male",54,0,1,77.2875,"S","Mr",NA,"D"
"126","1","3","male",12,1,0,11.2417,"C","Master",NA,""
"127","0","3","male",30,0,0,7.75,"Q","Mr",NA,""
"128","1","3","male",24,0,0,7.1417,"S","Mr",NA,""
"129","1","3","female",22,1,1,22.3583,"C","Miss",NA,"F"
"130","0","3","male",45,0,0,6.975,"S","Mr",NA,""
"131","0","3","male",33,0,0,7.8958,"C","Mr",NA,""
"132","0","3","male",20,0,0,7.05,"S","Mr",NA,""
"133","0","3","female",47,1,0,14.5,"S","Mrs",NA,""
"134","1","2","female",29,1,0,26,"S","Mrs",NA,""
"135","0","2","male",25,0,0,13,"S","Mr",NA,""
"136","0","2","male",23,0,0,15.0458,"C","Mr",NA,""
"137","1","1","female",19,0,2,26.2833,"S","Miss",NA,"D"
"138","0","1","male",37,1,0,53.1,"S","Mr",NA,"C"
"139","0","3","male",16,0,0,9.2167,"S","Mr",NA,""
"140","0","1","male",24,0,0,79.2,"C","Mr",NA,"B"
"141","0","3","female",35,0,2,15.2458,"C","Mrs",NA,""
"142","1","3","female",22,0,0,7.75,"S","Miss",NA,""
"143","1","3","female",24,1,0,15.85,"S","Mrs",NA,""
"144","0","3","male",19,0,0,6.75,"Q","Mr",NA,""
"145","0","2","male",18,0,0,11.5,"S","Mr",NA,""
"146","0","2","male",19,1,1,36.75,"S","Mr",NA,""
"147","1","3","male",27,0,0,7.7958,"S","Mr",NA,""
"148","0","3","female",9,2,2,34.375,"S","Miss",NA,""
"149","0","2","male",36.5,0,2,26,"S","Mr",NA,"F"
"150","0","2","male",42,0,0,13,"S","Mr",NA,""
"151","0","2","male",51,0,0,12.525,"S","Mr",NA,""
"152","1","1","female",22,1,0,66.6,"S","Mrs",NA,"C"
"153","0","3","male",55.5,0,0,8.05,"S","Mr",NA,""
"154","0","3","male",40.5,0,2,14.5,"S","Mr",NA,""
"155","0","3","male",30,0,0,7.3125,"S","Mr",NA,""
"156","0","1","male",51,0,1,61.3792,"C","Mr",NA,""
"157","1","3","female",16,0,0,7.7333,"Q","Miss",NA,""
"158","0","3","male",30,0,0,8.05,"S","Mr",NA,""
"159","0","3","male",30,0,0,8.6625,"S","Mr",NA,""
"160","0","3","male",3.5,8,2,69.55,"S","Master",NA,""
"161","0","3","male",44,0,1,16.1,"S","Mr",NA,""
"162","1","2","female",40,0,0,15.75,"S","Mrs",NA,""
"163","0","3","male",26,0,0,7.775,"S","Mr",NA,""
"164","0","3","male",17,0,0,8.6625,"S","Mr",NA,""
"165","0","3","male",1,4,1,39.6875,"S","Master",NA,""
"166","1","3","male",9,0,2,20.525,"S","Master",NA,""
"167","1","1","female",35,0,1,55,"S","Mrs",NA,"E"
"168","0","3","female",45,1,4,27.9,"S","Mrs",NA,""
"169","0","1","male",30,0,0,25.925,"S","Mr",NA,""
"170","0","3","male",28,0,0,56.4958,"S","Mr",NA,""
"171","0","1","male",61,0,0,33.5,"S","Mr",NA,"B"
"172","0","3","male",4,4,1,29.125,"Q","Master",NA,""
"173","1","3","female",1,1,1,11.1333,"S","Miss",NA,""
"174","0","3","male",21,0,0,7.925,"S","Mr",NA,""
"175","0","1","male",56,0,0,30.6958,"C","Mr",NA,"A"
"176","0","3","male",18,1,1,7.8542,"S","Mr",NA,""
"177","0","3","male",3.5,3,1,25.4667,"S","Master",NA,""
"178","0","1","female",50,0,0,28.7125,"C","Miss",NA,"C"
"179","0","2","male",30,0,0,13,"S","Mr",NA,""
"180","0","3","male",36,0,0,0,"S","Mr",NA,""
"181","0","3","female",22,8,2,69.55,"S","Miss",NA,""
"182","0","2","male",30,0,0,15.05,"C","Mr",NA,""
"183","0","3","male",9,4,2,31.3875,"S","Master",NA,""
"184","1","2","male",1,2,1,39,"S","Master",NA,"F"
"185","1","3","female",4,0,2,22.025,"S","Miss",NA,""
"186","0","1","male",30,0,0,50,"S","Mr",NA,"A"
"187","1","3","female",35,1,0,15.5,"Q","Mrs",NA,""
"188","1","1","male",45,0,0,26.55,"S","Mr",NA,""
"189","0","3","male",40,1,1,15.5,"Q","Mr",NA,""
"190","0","3","male",36,0,0,7.8958,"S","Mr",NA,""
"191","1","2","female",32,0,0,13,"S","Mrs",NA,""
"192","0","2","male",19,0,0,13,"S","Mr",NA,""
"193","1","3","female",19,1,0,7.8542,"S","Miss",NA,""
"194","1","2","male",3,1,1,26,"S","Master",NA,"F"
"195","1","1","female",44,0,0,27.7208,"C","Mrs",NA,"B"
"196","1","1","female",58,0,0,146.5208,"C","Miss",NA,"B"
"197","0","3","male",30,0,0,7.75,"Q","Mr",NA,""
"198","0","3","male",42,0,1,8.4042,"S","Mr",NA,""
"199","1","3","female",22,0,0,7.75,"Q","Miss",NA,""
"200","0","2","female",24,0,0,13,"S","Miss",NA,""
"201","0","3","male",28,0,0,9.5,"S","Mr",NA,""
"202","0","3","male",30,8,2,69.55,"S","Mr",NA,""
"203","0","3","male",34,0,0,6.4958,"S","Mr",NA,""
"204","0","3","male",45.5,0,0,7.225,"C","Mr",NA,""
"205","1","3","male",18,0,0,8.05,"S","Mr",NA,""
"206","0","3","female",2,0,1,10.4625,"S","Miss",NA,"G"
"207","0","3","male",32,1,0,15.85,"S","Mr",NA,""
"208","1","3","male",26,0,0,18.7875,"C","Mr",NA,""
"209","1","3","female",16,0,0,7.75,"Q","Miss",NA,""
"210","1","1","male",40,0,0,31,"C","Mr",NA,"A"
"211","0","3","male",24,0,0,7.05,"S","Mr",NA,""
"212","1","2","female",35,0,0,21,"S","Miss",NA,""
"213","0","3","male",22,0,0,7.25,"S","Mr",NA,""
"214","0","2","male",30,0,0,13,"S","Mr",NA,""
"215","0","3","male",30,1,0,7.75,"Q","Mr",NA,""
"216","1","1","female",31,1,0,113.275,"C","Miss",NA,"D"
"217","1","3","female",27,0,0,7.925,"S","Miss",NA,""
"218","0","2","male",42,1,0,27,"S","Mr",NA,""
"219","1","1","female",32,0,0,76.2917,"C","Miss",NA,"D"
"220","0","2","male",30,0,0,10.5,"S","Mr",NA,""
"221","1","3","male",16,0,0,8.05,"S","Mr",NA,""
"222","0","2","male",27,0,0,13,"S","Mr",NA,""
"223","0","3","male",51,0,0,8.05,"S","Mr",NA,""
"224","0","3","male",30,0,0,7.8958,"S","Mr",NA,""
"225","1","1","male",38,1,0,90,"S","Mr",NA,"C"
"226","0","3","male",22,0,0,9.35,"S","Mr",NA,""
"227","1","2","male",19,0,0,10.5,"S","Mr",NA,""
"228","0","3","male",20.5,0,0,7.25,"S","Mr",NA,""
"229","0","2","male",18,0,0,13,"S","Mr",NA,""
"230","0","3","female",22,3,1,25.4667,"S","Miss",NA,""
"231","1","1","female",35,1,0,83.475,"S","Mrs",NA,"C"
"232","0","3","male",29,0,0,7.775,"S","Mr",NA,""
"233","0","2","male",59,0,0,13.5,"S","Mr",NA,""
"234","1","3","female",5,4,2,31.3875,"S","Miss",NA,""
"235","0","2","male",24,0,0,10.5,"S","Mr",NA,""
"236","0","3","female",22,0,0,7.55,"S","Miss",NA,""
"237","0","2","male",44,1,0,26,"S","Mr",NA,""
"238","1","2","female",8,0,2,26.25,"S","Miss",NA,""
"239","0","2","male",19,0,0,10.5,"S","Mr",NA,""
"240","0","2","male",33,0,0,12.275,"S","Mr",NA,""
"241","0","3","female",22,1,0,14.4542,"C","Miss",NA,""
"242","1","3","female",22,1,0,15.5,"Q","Miss",NA,""
"243","0","2","male",29,0,0,10.5,"S","Mr",NA,""
"244","0","3","male",22,0,0,7.125,"S","Mr",NA,""
"245","0","3","male",30,0,0,7.225,"C","Mr",NA,""
"246","0","1","male",44,2,0,90,"Q","Mr",NA,"C"
"247","0","3","female",25,0,0,7.775,"S","Miss",NA,""
"248","1","2","female",24,0,2,14.5,"S","Mrs",NA,""
"249","1","1","male",37,1,1,52.5542,"S","Mr",NA,"D"
"250","0","2","male",54,1,0,26,"S","Mr",NA,""
"251","0","3","male",30,0,0,7.25,"S","Mr",NA,""
"252","0","3","female",29,1,1,10.4625,"S","Mrs",NA,"G"
"253","0","1","male",62,0,0,26.55,"S","Mr",NA,"C"
"254","0","3","male",30,1,0,16.1,"S","Mr",NA,""
"255","0","3","female",41,0,2,20.2125,"S","Mrs",NA,""
"256","1","3","female",29,0,2,15.2458,"C","Mrs",NA,""
"257","1","1","female",35,0,0,79.2,"C","Mrs",NA,""
"258","1","1","female",30,0,0,86.5,"S","Miss",NA,"B"
"259","1","1","female",35,0,0,512.3292,"C","Miss",NA,""
"260","1","2","female",50,0,1,26,"S","Mrs",NA,""
"261","0","3","male",30,0,0,7.75,"Q","Mr",NA,""
"262","1","3","male",3,4,2,31.3875,"S","Master",NA,""
"263","0","1","male",52,1,1,79.65,"S","Mr",NA,"E"
"264","0","1","male",40,0,0,0,"S","Mr",NA,"B"
"265","0","3","female",22,0,0,7.75,"Q","Miss",NA,""
"266","0","2","male",36,0,0,10.5,"S","Mr",NA,""
"267","0","3","male",16,4,1,39.6875,"S","Mr",NA,""
"268","1","3","male",25,1,0,7.775,"S","Mr",NA,""
"269","1","1","female",58,0,1,153.4625,"S","Mrs",NA,"C"
"270","1","1","female",35,0,0,135.6333,"S","Miss",NA,"C"
"271","0","1","male",30,0,0,31,"S","Mr",NA,""
"272","1","3","male",25,0,0,0,"S","Mr",NA,""
"273","1","2","female",41,0,1,19.5,"S","Mrs",NA,""
"274","0","1","male",37,0,1,29.7,"C","Mr",NA,"C"
"275","1","3","female",22,0,0,7.75,"Q","Miss",NA,""
"276","1","1","female",63,1,0,77.9583,"S","Miss",NA,"D"
"277","0","3","female",45,0,0,7.75,"S","Miss",NA,""
"278","0","2","male",30,0,0,0,"S","Mr",NA,""
"279","0","3","male",7,4,1,29.125,"Q","Master",NA,""
"280","1","3","female",35,1,1,20.25,"S","Mrs",NA,""
"281","0","3","male",65,0,0,7.75,"Q","Mr",NA,""
"282","0","3","male",28,0,0,7.8542,"S","Mr",NA,""
"283","0","3","male",16,0,0,9.5,"S","Mr",NA,""
"284","1","3","male",19,0,0,8.05,"S","Mr",NA,""
"285","0","1","male",30,0,0,26,"S","Mr",NA,"A"
"286","0","3","male",33,0,0,8.6625,"C","Mr",NA,""
"287","1","3","male",30,0,0,9.5,"S","Mr",NA,""
"288","0","3","male",22,0,0,7.8958,"S","Mr",NA,""
"289","1","2","male",42,0,0,13,"S","Mr",NA,""
"290","1","3","female",22,0,0,7.75,"Q","Miss",NA,""
"291","1","1","female",26,0,0,78.85,"S","Miss",NA,""
"292","1","1","female",19,1,0,91.0792,"C","Mrs",NA,"B"
"293","0","2","male",36,0,0,12.875,"C","Mr",NA,"D"
"294","0","3","female",24,0,0,8.85,"S","Miss",NA,""
"295","0","3","male",24,0,0,7.8958,"S","Mr",NA,""
"296","0","1","male",30,0,0,27.7208,"C","Mr",NA,""
"297","0","3","male",23.5,0,0,7.2292,"C","Mr",NA,""
"298","0","1","female",2,1,2,151.55,"S","Miss",NA,"C"
"299","1","1","male",30,0,0,30.5,"S","Mr",NA,"C"
"300","1","1","female",50,0,1,247.5208,"C","Mrs",NA,"B"
"301","1","3","female",22,0,0,7.75,"Q","Miss",NA,""
"302","1","3","male",30,2,0,23.25,"Q","Mr",NA,""
"303","0","3","male",19,0,0,0,"S","Mr",NA,""
"304","1","2","female",22,0,0,12.35,"Q","Miss",NA,"E"
"305","0","3","male",30,0,0,8.05,"S","Mr",NA,""
"306","1","1","male",0.92,1,2,151.55,"S","Master",NA,"C"
"307","1","1","female",22,0,0,110.8833,"C","Miss",NA,""
"308","1","1","female",17,1,0,108.9,"C","Mrs",NA,"C"
"309","0","2","male",30,1,0,24,"C","Mr",NA,""
"310","1","1","female",30,0,0,56.9292,"C","Miss",NA,"E"
"311","1","1","female",24,0,0,83.1583,"C","Miss",NA,"C"
"312","1","1","female",18,2,2,262.375,"C","Miss",NA,"B"
"313","0","2","female",26,1,1,26,"S","Mrs",NA,""
"314","0","3","male",28,0,0,7.8958,"S","Mr",NA,""
"315","0","2","male",43,1,1,26.25,"S","Mr",NA,""
"316","1","3","female",26,0,0,7.8542,"S","Miss",NA,""
"317","1","2","female",24,1,0,26,"S","Mrs",NA,""
"318","0","2","male",54,0,0,14,"S","Mr",NA,""
"319","1","1","female",31,0,2,164.8667,"S","Miss",NA,"C"
"320","1","1","female",40,1,1,134.5,"C","Mrs",NA,"E"
"321","0","3","male",22,0,0,7.25,"S","Mr",NA,""
"322","0","3","male",27,0,0,7.8958,"S","Mr",NA,""
"323","1","2","female",30,0,0,12.35,"Q","Miss",NA,""
"324","1","2","female",22,1,1,29,"S","Mrs",NA,""
"325","0","3","male",30,8,2,69.55,"S","Mr",NA,""
"326","1","1","female",36,0,0,135.6333,"C","Miss",NA,"C"
"327","0","3","male",61,0,0,6.2375,"S","Mr",NA,""
"328","1","2","female",36,0,0,13,"S","Mrs",NA,"D"
"329","1","3","female",31,1,1,20.525,"S","Mrs",NA,""
"330","1","1","female",16,0,1,57.9792,"C","Miss",NA,"B"
"331","1","3","female",22,2,0,23.25,"Q","Miss",NA,""
"332","0","1","male",45.5,0,0,28.5,"S","Mr",NA,"C"
"333","0","1","male",38,0,1,153.4625,"S","Mr",NA,"C"
"334","0","3","male",16,2,0,18,"S","Mr",NA,""
"335","1","1","female",35,1,0,133.65,"S","Mrs",NA,""
"336","0","3","male",30,0,0,7.8958,"S","Mr",NA,""
"337","0","1","male",29,1,0,66.6,"S","Mr",NA,"C"
"338","1","1","female",41,0,0,134.5,"C","Miss",NA,"E"
"339","1","3","male",45,0,0,8.05,"S","Mr",NA,""
"340","0","1","male",45,0,0,35.5,"S","Mr",NA,"T"
"341","1","2","male",2,1,1,26,"S","Master",NA,"F"
"342","1","1","female",24,3,2,263,"S","Miss",NA,"C"
"343","0","2","male",28,0,0,13,"S","Mr",NA,""
"344","0","2","male",25,0,0,13,"S","Mr",NA,""
"345","0","2","male",36,0,0,13,"S","Mr",NA,""
"346","1","2","female",24,0,0,13,"S","Miss",NA,"F"
"347","1","2","female",40,0,0,13,"S","Miss",NA,""
"348","1","3","female",35,1,0,16.1,"S","Mrs",NA,""
"349","1","3","male",3,1,1,15.9,"S","Master",NA,""
"350","0","3","male",42,0,0,8.6625,"S","Mr",NA,""
"351","0","3","male",23,0,0,9.225,"S","Mr",NA,""
"352","0","1","male",30,0,0,35,"S","Mr",NA,"C"
"353","0","3","male",15,1,1,7.2292,"C","Mr",NA,""
"354","0","3","male",25,1,0,17.8,"S","Mr",NA,""
"355","0","3","male",30,0,0,7.225,"C","Mr",NA,""
"356","0","3","male",28,0,0,9.5,"S","Mr",NA,""
"357","1","1","female",22,0,1,55,"S","Miss",NA,"E"
"358","0","2","female",38,0,0,13,"S","Miss",NA,""
"359","1","3","female",22,0,0,7.8792,"Q","Miss",NA,""
"360","1","3","female",22,0,0,7.8792,"Q","Miss",NA,""
"361","0","3","male",40,1,4,27.9,"S","Mr",NA,""
"362","0","2","male",29,1,0,27.7208,"C","Mr",NA,""
"363","0","3","female",45,0,1,14.4542,"C","Mrs",NA,""
"364","0","3","male",35,0,0,7.05,"S","Mr",NA,""
"365","0","3","male",30,1,0,15.5,"Q","Mr",NA,""
"366","0","3","male",30,0,0,7.25,"S","Mr",NA,""
"367","1","1","female",60,1,0,75.25,"C","Mrs",NA,"D"
"368","1","3","female",35,0,0,7.2292,"C","Mrs",NA,""
"369","1","3","female",22,0,0,7.75,"Q","Miss",NA,""
"370","1","1","female",24,0,0,69.3,"C","Miss",NA,"B"
"371","1","1","male",25,1,0,55.4417,"C","Mr",NA,"E"
"372","0","3","male",18,1,0,6.4958,"S","Mr",NA,""
"373","0","3","male",19,0,0,8.05,"S","Mr",NA,""
"374","0","1","male",22,0,0,135.6333,"C","Mr",NA,""
"375","0","3","female",3,3,1,21.075,"S","Miss",NA,""
"376","1","1","female",35,1,0,82.1708,"C","Mrs",NA,""
"377","1","3","female",22,0,0,7.25,"S","Miss",NA,""
"378","0","1","male",27,0,2,211.5,"C","Mr",NA,"C"
"379","0","3","male",20,0,0,4.0125,"C","Mr",NA,""
"380","0","3","male",19,0,0,7.775,"S","Mr",NA,""
"381","1","1","female",42,0,0,227.525,"C","Miss",NA,""
"382","1","3","female",1,0,2,15.7417,"C","Miss",NA,""
"383","0","3","male",32,0,0,7.925,"S","Mr",NA,""
"384","1","1","female",35,1,0,52,"S","Mrs",NA,""
"385","0","3","male",30,0,0,7.8958,"S","Mr",NA,""
"386","0","2","male",18,0,0,73.5,"S","Mr",NA,""
"387","0","3","male",1,5,2,46.9,"S","Master",NA,""
"388","1","2","female",36,0,0,13,"S","Miss",NA,""
"389","0","3","male",30,0,0,7.7292,"Q","Mr",NA,""
"390","1","2","female",17,0,0,12,"C","Miss",NA,""
"391","1","1","male",36,1,2,120,"S","Mr",NA,"B"
"392","1","3","male",21,0,0,7.7958,"S","Mr",NA,""
"393","0","3","male",28,2,0,7.925,"S","Mr",NA,""
"394","1","1","female",23,1,0,113.275,"C","Miss",NA,"D"
"395","1","3","female",24,0,2,16.7,"S","Mrs",NA,"G"
"396","0","3","male",22,0,0,7.7958,"S","Mr",NA,""
"397","0","3","female",31,0,0,7.8542,"S","Miss",NA,""
"398","0","2","male",46,0,0,26,"S","Mr",NA,""
"399","0","2","male",23,0,0,10.5,"S","Mr",NA,""
"400","1","2","female",28,0,0,12.65,"S","Mrs",NA,""
"401","1","3","male",39,0,0,7.925,"S","Mr",NA,""
"402","0","3","male",26,0,0,8.05,"S","Mr",NA,""
"403","0","3","female",21,1,0,9.825,"S","Miss",NA,""
"404","0","3","male",28,1,0,15.85,"S","Mr",NA,""
"405","0","3","female",20,0,0,8.6625,"S","Miss",NA,""
"406","0","2","male",34,1,0,21,"S","Mr",NA,""
"407","0","3","male",51,0,0,7.75,"S","Mr",NA,""
"408","1","2","male",3,1,1,18.75,"S","Master",NA,""
"409","0","3","male",21,0,0,7.775,"S","Mr",NA,""
"410","0","3","female",22,3,1,25.4667,"S","Miss",NA,""
"411","0","3","male",30,0,0,7.8958,"S","Mr",NA,""
"412","0","3","male",30,0,0,6.8583,"Q","Mr",NA,""
"413","1","1","female",33,1,0,90,"Q","Miss",NA,"C"
"414","0","2","male",30,0,0,0,"S","Mr",NA,""
"415","1","3","male",44,0,0,7.925,"S","Mr",NA,""
"416","0","3","female",35,0,0,8.05,"S","Mrs",NA,""
"417","1","2","female",34,1,1,32.5,"S","Mrs",NA,""
"418","1","2","female",18,0,2,13,"S","Miss",NA,""
"419","0","2","male",30,0,0,13,"S","Mr",NA,""
"420","0","3","female",10,0,2,24.15,"S","Miss",NA,""
"421","0","3","male",30,0,0,7.8958,"C","Mr",NA,""
"422","0","3","male",21,0,0,7.7333,"Q","Mr",NA,""
"423","0","3","male",29,0,0,7.875,"S","Mr",NA,""
"424","0","3","female",28,1,1,14.4,"S","Mrs",NA,""
"425","0","3","male",18,1,1,20.2125,"S","Mr",NA,""
"426","0","3","male",30,0,0,7.25,"S","Mr",NA,""
"427","1","2","female",28,1,0,26,"S","Mrs",NA,""
"428","1","2","female",19,0,0,26,"S","Miss",NA,""
"429","0","3","male",30,0,0,7.75,"Q","Mr",NA,""
"430","1","3","male",32,0,0,8.05,"S","Mr",NA,"E"
"431","1","1","male",28,0,0,26.55,"S","Mr",NA,"C"
"432","1","3","female",35,1,0,16.1,"S","Mrs",NA,""
"433","1","2","female",42,1,0,26,"S","Mrs",NA,""
"434","0","3","male",17,0,0,7.125,"S","Mr",NA,""
"435","0","1","male",50,1,0,55.9,"S","Mr",NA,"E"
"436","1","1","female",14,1,2,120,"S","Miss",NA,"B"
"437","0","3","female",21,2,2,34.375,"S","Miss",NA,""
"438","1","2","female",24,2,3,18.75,"S","Mrs",NA,""
"439","0","1","male",64,1,4,263,"S","Mr",NA,"C"
"440","0","2","male",31,0,0,10.5,"S","Mr",NA,""
"441","1","2","female",45,1,1,26.25,"S","Mrs",NA,""
"442","0","3","male",20,0,0,9.5,"S","Mr",NA,""
"443","0","3","male",25,1,0,7.775,"S","Mr",NA,""
"444","1","2","female",28,0,0,13,"S","Miss",NA,""
"445","1","3","male",30,0,0,8.1125,"S","Mr",NA,""
"446","1","1","male",4,0,2,81.8583,"S","Master",NA,"A"
"447","1","2","female",13,0,1,19.5,"S","Miss",NA,""
"448","1","1","male",34,0,0,26.55,"S","Mr",NA,""
"449","1","3","female",5,2,1,19.2583,"C","Miss",NA,""
"450","1","1","male",52,0,0,30.5,"S","Mr",NA,"C"
"451","0","2","male",36,1,2,27.75,"S","Mr",NA,""
"452","0","3","male",30,1,0,19.9667,"S","Mr",NA,""
"453","0","1","male",30,0,0,27.75,"C","Mr",NA,"C"
"454","1","1","male",49,1,0,89.1042,"C","Mr",NA,"C"
"455","0","3","male",30,0,0,8.05,"S","Mr",NA,""
"456","1","3","male",29,0,0,7.8958,"C","Mr",NA,""
"457","0","1","male",65,0,0,26.55,"S","Mr",NA,"E"
"458","1","1","female",35,1,0,51.8625,"S","Mrs",NA,"D"
"459","1","2","female",50,0,0,10.5,"S","Miss",NA,""
"460","0","3","male",30,0,0,7.75,"Q","Mr",NA,""
"461","1","1","male",48,0,0,26.55,"S","Mr",NA,"E"
"462","0","3","male",34,0,0,8.05,"S","Mr",NA,""
"463","0","1","male",47,0,0,38.5,"S","Mr",NA,"E"
"464","0","2","male",48,0,0,13,"S","Mr",NA,""
"465","0","3","male",30,0,0,8.05,"S","Mr",NA,""
"466","0","3","male",38,0,0,7.05,"S","Mr",NA,""
"467","0","2","male",30,0,0,0,"S","Mr",NA,""
"468","0","1","male",56,0,0,26.55,"S","Mr",NA,""
"469","0","3","male",30,0,0,7.725,"Q","Mr",NA,""
"470","1","3","female",0.75,2,1,19.2583,"C","Miss",NA,""
"471","0","3","male",30,0,0,7.25,"S","Mr",NA,""
"472","0","3","male",38,0,0,8.6625,"S","Mr",NA,""
"473","1","2","female",33,1,2,27.75,"S","Mrs",NA,""
"474","1","2","female",23,0,0,13.7917,"C","Mrs",NA,"D"
"475","0","3","female",22,0,0,9.8375,"S","Miss",NA,""
"476","0","1","male",30,0,0,52,"S","Mr",NA,"A"
"477","0","2","male",34,1,0,21,"S","Mr",NA,""
"478","0","3","male",29,1,0,7.0458,"S","Mr",NA,""
"479","0","3","male",22,0,0,7.5208,"S","Mr",NA,""
"480","1","3","female",2,0,1,12.2875,"S","Miss",NA,""
"481","0","3","male",9,5,2,46.9,"S","Master",NA,""
"482","0","2","male",30,0,0,0,"S","Mr",NA,""
"483","0","3","male",50,0,0,8.05,"S","Mr",NA,""
"484","1","3","female",63,0,0,9.5875,"S","Mrs",NA,""
"485","1","1","male",25,1,0,91.0792,"C","Mr",NA,"B"
"486","0","3","female",22,3,1,25.4667,"S","Miss",NA,""
"487","1","1","female",35,1,0,90,"S","Mrs",NA,"C"
"488","0","1","male",58,0,0,29.7,"C","Mr",NA,"B"
"489","0","3","male",30,0,0,8.05,"S","Mr",NA,""
"490","1","3","male",9,1,1,15.9,"S","Master",NA,""
"491","0","3","male",30,1,0,19.9667,"S","Mr",NA,""
"492","0","3","male",21,0,0,7.25,"S","Mr",NA,""
"493","0","1","male",55,0,0,30.5,"S","Mr",NA,"C"
"494","0","1","male",71,0,0,49.5042,"C","Mr",NA,""
"495","0","3","male",21,0,0,8.05,"S","Mr",NA,""
"496","0","3","male",30,0,0,14.4583,"C","Mr",NA,""
"497","1","1","female",54,1,0,78.2667,"C","Miss",NA,"D"
"498","0","3","male",30,0,0,15.1,"S","Mr",NA,""
"499","0","1","female",25,1,2,151.55,"S","Mrs",NA,"C"
"500","0","3","male",24,0,0,7.7958,"S","Mr",NA,""
"501","0","3","male",17,0,0,8.6625,"S","Mr",NA,""
"502","0","3","female",21,0,0,7.75,"Q","Miss",NA,""
"503","0","3","female",22,0,0,7.6292,"Q","Miss",NA,""
"504","0","3","female",37,0,0,9.5875,"S","Miss",NA,""
"505","1","1","female",16,0,0,86.5,"S","Miss",NA,"B"
"506","0","1","male",18,1,0,108.9,"C","Mr",NA,"C"
"507","1","2","female",33,0,2,26,"S","Mrs",NA,""
"508","1","1","male",30,0,0,26.55,"S","Mr",NA,""
"509","0","3","male",28,0,0,22.525,"S","Mr",NA,""
"510","1","3","male",26,0,0,56.4958,"S","Mr",NA,""
"511","1","3","male",29,0,0,7.75,"Q","Mr",NA,""
"512","0","3","male",30,0,0,8.05,"S","Mr",NA,""
"513","1","1","male",36,0,0,26.2875,"S","Mr",NA,"E"
"514","1","1","female",54,1,0,59.4,"C","Mrs",NA,""
"515","0","3","male",24,0,0,7.4958,"S","Mr",NA,""
"516","0","1","male",47,0,0,34.0208,"S","Mr",NA,"D"
"517","1","2","female",34,0,0,10.5,"S","Mrs",NA,"F"
"518","0","3","male",30,0,0,24.15,"Q","Mr",NA,""
"519","1","2","female",36,1,0,26,"S","Mrs",NA,""
"520","0","3","male",32,0,0,7.8958,"S","Mr",NA,""
"521","1","1","female",30,0,0,93.5,"S","Miss",NA,"B"
"522","0","3","male",22,0,0,7.8958,"S","Mr",NA,""
"523","0","3","male",30,0,0,7.225,"C","Mr",NA,""
"524","1","1","female",44,0,1,57.9792,"C","Mrs",NA,"B"
"525","0","3","male",30,0,0,7.2292,"C","Mr",NA,""
"526","0","3","male",40.5,0,0,7.75,"Q","Mr",NA,""
"527","1","2","female",50,0,0,10.5,"S","Miss",NA,""
"528","0","1","male",30,0,0,221.7792,"S","Mr",NA,"C"
"529","0","3","male",39,0,0,7.925,"S","Mr",NA,""
"530","0","2","male",23,2,1,11.5,"S","Mr",NA,""
"531","1","2","female",2,1,1,26,"S","Miss",NA,""
"532","0","3","male",30,0,0,7.2292,"C","Mr",NA,""
"533","0","3","male",17,1,1,7.2292,"C","Mr",NA,""
"534","1","3","female",35,0,2,22.3583,"C","Mrs",NA,""
"535","0","3","female",30,0,0,8.6625,"S","Miss",NA,""
"536","1","2","female",7,0,2,26.25,"S","Miss",NA,""
"537","0","1","male",45,0,0,26.55,"S","Mr",NA,"B"
"538","1","1","female",30,0,0,106.425,"C","Miss",NA,""
"539","0","3","male",30,0,0,14.5,"S","Mr",NA,""
"540","1","1","female",22,0,2,49.5,"C","Miss",NA,"B"
"541","1","1","female",36,0,2,71,"S","Miss",NA,"B"
"542","0","3","female",9,4,2,31.275,"S","Miss",NA,""
"543","0","3","female",11,4,2,31.275,"S","Miss",NA,""
"544","1","2","male",32,1,0,26,"S","Mr",NA,""
"545","0","1","male",50,1,0,106.425,"C","Mr",NA,"C"
"546","0","1","male",64,0,0,26,"S","Mr",NA,""
"547","1","2","female",19,1,0,26,"S","Mrs",NA,""
"548","1","2","male",30,0,0,13.8625,"C","Mr",NA,""
"549","0","3","male",33,1,1,20.525,"S","Mr",NA,""
"550","1","2","male",8,1,1,36.75,"S","Master",NA,""
"551","1","1","male",17,0,2,110.8833,"C","Mr",NA,"C"
"552","0","2","male",27,0,0,26,"S","Mr",NA,""
"553","0","3","male",30,0,0,7.8292,"Q","Mr",NA,""
"554","1","3","male",22,0,0,7.225,"C","Mr",NA,""
"555","1","3","female",22,0,0,7.775,"S","Miss",NA,""
"556","0","1","male",62,0,0,26.55,"S","Mr",NA,""
"557","1","1","female",48,1,0,39.6,"C","Miss",NA,"A"
"558","0","1","male",30,0,0,227.525,"C","Mr",NA,""
"559","1","1","female",39,1,1,79.65,"S","Mrs",NA,"E"
"560","1","3","female",36,1,0,17.4,"S","Mrs",NA,""
"561","0","3","male",30,0,0,7.75,"Q","Mr",NA,""
"562","0","3","male",40,0,0,7.8958,"S","Mr",NA,""
"563","0","2","male",28,0,0,13.5,"S","Mr",NA,""
"564","0","3","male",30,0,0,8.05,"S","Mr",NA,""
"565","0","3","female",22,0,0,8.05,"S","Miss",NA,""
"566","0","3","male",24,2,0,24.15,"S","Mr",NA,""
"567","0","3","male",19,0,0,7.8958,"S","Mr",NA,""
"568","0","3","female",29,0,4,21.075,"S","Mrs",NA,""
"569","0","3","male",30,0,0,7.2292,"C","Mr",NA,""
"570","1","3","male",32,0,0,7.8542,"S","Mr",NA,""
"571","1","2","male",62,0,0,10.5,"S","Mr",NA,""
"572","1","1","female",53,2,0,51.4792,"S","Mrs",NA,"C"
"573","1","1","male",36,0,0,26.3875,"S","Mr",NA,"E"
"574","1","3","female",22,0,0,7.75,"Q","Miss",NA,""
"575","0","3","male",16,0,0,8.05,"S","Mr",NA,""
"576","0","3","male",19,0,0,14.5,"S","Mr",NA,""
"577","1","2","female",34,0,0,13,"S","Miss",NA,""
"578","1","1","female",39,1,0,55.9,"S","Mrs",NA,"E"
"579","0","3","female",35,1,0,14.4583,"C","Mrs",NA,""
"580","1","3","male",32,0,0,7.925,"S","Mr",NA,""
"581","1","2","female",25,1,1,30,"S","Miss",NA,""
"582","1","1","female",39,1,1,110.8833,"C","Mrs",NA,"C"
"583","0","2","male",54,0,0,26,"S","Mr",NA,""
"584","0","1","male",36,0,0,40.125,"C","Mr",NA,"A"
"585","0","3","male",30,0,0,8.7125,"C","Mr",NA,""
"586","1","1","female",18,0,2,79.65,"S","Miss",NA,"E"
"587","0","2","male",47,0,0,15,"S","Mr",NA,""
"588","1","1","male",60,1,1,79.2,"C","Mr",NA,"B"
"589","0","3","male",22,0,0,8.05,"S","Mr",NA,""
"590","0","3","male",30,0,0,8.05,"S","Mr",NA,""
"591","0","3","male",35,0,0,7.125,"S","Mr",NA,""
"592","1","1","female",52,1,0,78.2667,"C","Mrs",NA,"D"
"593","0","3","male",47,0,0,7.25,"S","Mr",NA,""
"594","0","3","female",22,0,2,7.75,"Q","Miss",NA,""
"595","0","2","male",37,1,0,26,"S","Mr",NA,""
"596","0","3","male",36,1,1,24.15,"S","Mr",NA,""
"597","1","2","female",22,0,0,33,"S","Miss",NA,""
"598","0","3","male",49,0,0,0,"S","Mr",NA,""
"599","0","3","male",30,0,0,7.225,"C","Mr",NA,""
"600","1","1","male",49,1,0,56.9292,"C","Mr",NA,"A"
"601","1","2","female",24,2,1,27,"S","Mrs",NA,""
"602","0","3","male",30,0,0,7.8958,"S","Mr",NA,""
"603","0","1","male",30,0,0,42.4,"S","Mr",NA,""
"604","0","3","male",44,0,0,8.05,"S","Mr",NA,""
"605","1","1","male",35,0,0,26.55,"C","Mr",NA,""
"606","0","3","male",36,1,0,15.55,"S","Mr",NA,""
"607","0","3","male",30,0,0,7.8958,"S","Mr",NA,""
"608","1","1","male",27,0,0,30.5,"S","Mr",NA,""
"609","1","2","female",22,1,2,41.5792,"C","Mrs",NA,""
"610","1","1","female",40,0,0,153.4625,"S","Miss",NA,"C"
"611","0","3","female",39,1,5,31.275,"S","Mrs",NA,""
"612","0","3","male",30,0,0,7.05,"S","Mr",NA,""
"613","1","3","female",22,1,0,15.5,"Q","Miss",NA,""
"614","0","3","male",30,0,0,7.75,"Q","Mr",NA,""
"615","0","3","male",35,0,0,8.05,"S","Mr",NA,""
"616","1","2","female",24,1,2,65,"S","Miss",NA,""
"617","0","3","male",34,1,1,14.4,"S","Mr",NA,""
"618","0","3","female",26,1,0,16.1,"S","Mrs",NA,""
"619","1","2","female",4,2,1,39,"S","Miss",NA,"F"
"620","0","2","male",26,0,0,10.5,"S","Mr",NA,""
"621","0","3","male",27,1,0,14.4542,"C","Mr",NA,""
"622","1","1","male",42,1,0,52.5542,"S","Mr",NA,"D"
"623","1","3","male",20,1,1,15.7417,"C","Mr",NA,""
"624","0","3","male",21,0,0,7.8542,"S","Mr",NA,""
"625","0","3","male",21,0,0,16.1,"S","Mr",NA,""
"626","0","1","male",61,0,0,32.3208,"S","Mr",NA,"D"
"627","0","2","male",57,0,0,12.35,"Q","Mr",NA,""
"628","1","1","female",21,0,0,77.9583,"S","Miss",NA,"D"
"629","0","3","male",26,0,0,7.8958,"S","Mr",NA,""
"630","0","3","male",30,0,0,7.7333,"Q","Mr",NA,""
"631","1","1","male",80,0,0,30,"S","Mr",NA,"A"
"632","0","3","male",51,0,0,7.0542,"S","Mr",NA,""
"633","1","1","male",32,0,0,30.5,"C","Mr",NA,"B"
"634","0","1","male",30,0,0,0,"S","Mr",NA,""
"635","0","3","female",9,3,2,27.9,"S","Miss",NA,""
"636","1","2","female",28,0,0,13,"S","Miss",NA,""
"637","0","3","male",32,0,0,7.925,"S","Mr",NA,""
"638","0","2","male",31,1,1,26.25,"S","Mr",NA,""
"639","0","3","female",41,0,5,39.6875,"S","Mrs",NA,""
"640","0","3","male",30,1,0,16.1,"S","Mr",NA,""
"641","0","3","male",20,0,0,7.8542,"S","Mr",NA,""
"642","1","1","female",24,0,0,69.3,"C","Miss",NA,"B"
"643","0","3","female",2,3,2,27.9,"S","Miss",NA,""
"644","1","3","male",30,0,0,56.4958,"S","Mr",NA,""
"645","1","3","female",0.75,2,1,19.2583,"C","Miss",NA,""
"646","1","1","male",48,1,0,76.7292,"C","Mr",NA,"D"
"647","0","3","male",19,0,0,7.8958,"S","Mr",NA,""
"648","1","1","male",56,0,0,35.5,"C","Mr",NA,"A"
"649","0","3","male",30,0,0,7.55,"S","Mr",NA,""
"650","1","3","female",23,0,0,7.55,"S","Miss",NA,""
"651","0","3","male",30,0,0,7.8958,"S","Mr",NA,""
"652","1","2","female",18,0,1,23,"S","Miss",NA,""
"653","0","3","male",21,0,0,8.4333,"S","Mr",NA,""
"654","1","3","female",22,0,0,7.8292,"Q","Miss",NA,""
"655","0","3","female",18,0,0,6.75,"Q","Miss",NA,""
"656","0","2","male",24,2,0,73.5,"S","Mr",NA,""
"657","0","3","male",30,0,0,7.8958,"S","Mr",NA,""
"658","0","3","female",32,1,1,15.5,"Q","Mrs",NA,""
"659","0","2","male",23,0,0,13,"S","Mr",NA,""
"660","0","1","male",58,0,2,113.275,"C","Mr",NA,"D"
"661","1","1","male",50,2,0,133.65,"S","Mr",NA,""
"662","0","3","male",40,0,0,7.225,"C","Mr",NA,""
"663","0","1","male",47,0,0,25.5875,"S","Mr",NA,"E"
"664","0","3","male",36,0,0,7.4958,"S","Mr",NA,""
"665","1","3","male",20,1,0,7.925,"S","Mr",NA,""
"666","0","2","male",32,2,0,73.5,"S","Mr",NA,""
"667","0","2","male",25,0,0,13,"S","Mr",NA,""
"668","0","3","male",30,0,0,7.775,"S","Mr",NA,""
"669","0","3","male",43,0,0,8.05,"S","Mr",NA,""
"670","1","1","female",35,1,0,52,"S","Mrs",NA,"C"
"671","1","2","female",40,1,1,39,"S","Mrs",NA,""
"672","0","1","male",31,1,0,52,"S","Mr",NA,"B"
"673","0","2","male",70,0,0,10.5,"S","Mr",NA,""
"674","1","2","male",31,0,0,13,"S","Mr",NA,""
"675","0","2","male",30,0,0,0,"S","Mr",NA,""
"676","0","3","male",18,0,0,7.775,"S","Mr",NA,""
"677","0","3","male",24.5,0,0,8.05,"S","Mr",NA,""
"678","1","3","female",18,0,0,9.8417,"S","Miss",NA,""
"679","0","3","female",43,1,6,46.9,"S","Mrs",NA,""
"680","1","1","male",36,0,1,512.3292,"C","Mr",NA,"B"
"681","0","3","female",22,0,0,8.1375,"Q","Miss",NA,""
"682","1","1","male",27,0,0,76.7292,"C","Mr",NA,"D"
"683","0","3","male",20,0,0,9.225,"S","Mr",NA,""
"684","0","3","male",14,5,2,46.9,"S","Mr",NA,""
"685","0","2","male",60,1,1,39,"S","Mr",NA,""
"686","0","2","male",25,1,2,41.5792,"C","Mr",NA,""
"687","0","3","male",14,4,1,39.6875,"S","Mr",NA,""
"688","0","3","male",19,0,0,10.1708,"S","Mr",NA,""
"689","0","3","male",18,0,0,7.7958,"S","Mr",NA,""
"690","1","1","female",15,0,1,211.3375,"S","Miss",NA,"B"
"691","1","1","male",31,1,0,57,"S","Mr",NA,"B"
"692","1","3","female",4,0,1,13.4167,"C","Miss",NA,""
"693","1","3","male",30,0,0,56.4958,"S","Mr",NA,""
"694","0","3","male",25,0,0,7.225,"C","Mr",NA,""
"695","0","1","male",60,0,0,26.55,"S","Mr",NA,""
"696","0","2","male",52,0,0,13.5,"S","Mr",NA,""
"697","0","3","male",44,0,0,8.05,"S","Mr",NA,""
"698","1","3","female",22,0,0,7.7333,"Q","Miss",NA,""
"699","0","1","male",49,1,1,110.8833,"C","Mr",NA,"C"
"700","0","3","male",42,0,0,7.65,"S","Mr",NA,"F"
"701","1","1","female",18,1,0,227.525,"C","Mrs",NA,"C"
"702","1","1","male",35,0,0,26.2875,"S","Mr",NA,"E"
"703","0","3","female",18,0,1,14.4542,"C","Miss",NA,""
"704","0","3","male",25,0,0,7.7417,"Q","Mr",NA,""
"705","0","3","male",26,1,0,7.8542,"S","Mr",NA,""
"706","0","2","male",39,0,0,26,"S","Mr",NA,""
"707","1","2","female",45,0,0,13.5,"S","Mrs",NA,""
"708","1","1","male",42,0,0,26.2875,"S","Mr",NA,"E"
"709","1","1","female",22,0,0,151.55,"S","Miss",NA,""
"710","1","3","male",3.5,1,1,15.2458,"C","Master",NA,""
"711","1","1","female",24,0,0,49.5042,"C","Miss",NA,"C"
"712","0","1","male",30,0,0,26.55,"S","Mr",NA,"C"
"713","1","1","male",48,1,0,52,"S","Mr",NA,"C"
"714","0","3","male",29,0,0,9.4833,"S","Mr",NA,""
"715","0","2","male",52,0,0,13,"S","Mr",NA,""
"716","0","3","male",19,0,0,7.65,"S","Mr",NA,"F"
"717","1","1","female",38,0,0,227.525,"C","Miss",NA,"C"
"718","1","2","female",27,0,0,10.5,"S","Miss",NA,"E"
"719","0","3","male",30,0,0,15.5,"Q","Mr",NA,""
"720","0","3","male",33,0,0,7.775,"S","Mr",NA,""
"721","1","2","female",6,0,1,33,"S","Miss",NA,""
"722","0","3","male",17,1,0,7.0542,"S","Mr",NA,""
"723","0","2","male",34,0,0,13,"S","Mr",NA,""
"724","0","2","male",50,0,0,13,"S","Mr",NA,""
"725","1","1","male",27,1,0,53.1,"S","Mr",NA,"E"
"726","0","3","male",20,0,0,8.6625,"S","Mr",NA,""
"727","1","2","female",30,3,0,21,"S","Mrs",NA,""
"728","1","3","female",22,0,0,7.7375,"Q","Miss",NA,""
"729","0","2","male",25,1,0,26,"S","Mr",NA,""
"730","0","3","female",25,1,0,7.925,"S","Miss",NA,""
"731","1","1","female",29,0,0,211.3375,"S","Miss",NA,"B"
"732","0","3","male",11,0,0,18.7875,"C","Mr",NA,""
"733","0","2","male",30,0,0,0,"S","Mr",NA,""
"734","0","2","male",23,0,0,13,"S","Mr",NA,""
"735","0","2","male",23,0,0,13,"S","Mr",NA,""
"736","0","3","male",28.5,0,0,16.1,"S","Mr",NA,""
"737","0","3","female",48,1,3,34.375,"S","Mrs",NA,""
"738","1","1","male",35,0,0,512.3292,"C","Mr",NA,"B"
"739","0","3","male",30,0,0,7.8958,"S","Mr",NA,""
"740","0","3","male",30,0,0,7.8958,"S","Mr",NA,""
"741","1","1","male",30,0,0,30,"S","Mr",NA,"D"
"742","0","1","male",36,1,0,78.85,"S","Mr",NA,"C"
"743","1","1","female",21,2,2,262.375,"C","Miss",NA,"B"
"744","0","3","male",24,1,0,16.1,"S","Mr",NA,""
"745","1","3","male",31,0,0,7.925,"S","Mr",NA,""
"746","0","1","male",70,1,1,71,"S","Mr",NA,"B"
"747","0","3","male",16,1,1,20.25,"S","Mr",NA,""
"748","1","2","female",30,0,0,13,"S","Miss",NA,""
"749","0","1","male",19,1,0,53.1,"S","Mr",NA,"D"
"750","0","3","male",31,0,0,7.75,"Q","Mr",NA,""
"751","1","2","female",4,1,1,23,"S","Miss",NA,""
"752","1","3","male",6,0,1,12.475,"S","Master",NA,"E"
"753","0","3","male",33,0,0,9.5,"S","Mr",NA,""
"754","0","3","male",23,0,0,7.8958,"S","Mr",NA,""
"755","1","2","female",48,1,2,65,"S","Mrs",NA,""
"756","1","2","male",0.67,1,1,14.5,"S","Master",NA,""
"757","0","3","male",28,0,0,7.7958,"S","Mr",NA,""
"758","0","2","male",18,0,0,11.5,"S","Mr",NA,""
"759","0","3","male",34,0,0,8.05,"S","Mr",NA,""
"760","1","1","female",33,0,0,86.5,"S","the Miss",NA,"B"
"761","0","3","male",30,0,0,14.5,"S","Mr",NA,""
"762","0","3","male",41,0,0,7.125,"S","Mr",NA,""
"763","1","3","male",20,0,0,7.2292,"C","Mr",NA,""
"764","1","1","female",36,1,2,120,"S","Mrs",NA,"B"
"765","0","3","male",16,0,0,7.775,"S","Mr",NA,""
"766","1","1","female",51,1,0,77.9583,"S","Mrs",NA,"D"
"767","0","1","male",30,0,0,39.6,"C","Mr",NA,""
"768","0","3","female",30.5,0,0,7.75,"Q","Miss",NA,""
"769","0","3","male",30,1,0,24.15,"Q","Mr",NA,""
"770","0","3","male",32,0,0,8.3625,"S","Mr",NA,""
"771","0","3","male",24,0,0,9.5,"S","Mr",NA,""
"772","0","3","male",48,0,0,7.8542,"S","Mr",NA,""
"773","0","2","female",57,0,0,10.5,"S","Mrs",NA,"E"
"774","0","3","male",30,0,0,7.225,"C","Mr",NA,""
"775","1","2","female",54,1,3,23,"S","Mrs",NA,""
"776","0","3","male",18,0,0,7.75,"S","Mr",NA,""
"777","0","3","male",30,0,0,7.75,"Q","Mr",NA,"F"
"778","1","3","female",5,0,0,12.475,"S","Miss",NA,""
"779","0","3","male",30,0,0,7.7375,"Q","Mr",NA,""
"780","1","1","female",43,0,1,211.3375,"S","Mrs",NA,"B"
"781","1","3","female",13,0,0,7.2292,"C","Miss",NA,""
"782","1","1","female",17,1,0,57,"S","Mrs",NA,"B"
"783","0","1","male",29,0,0,30,"S","Mr",NA,"D"
"784","0","3","male",30,1,2,23.45,"S","Mr",NA,""
"785","0","3","male",25,0,0,7.05,"S","Mr",NA,""
"786","0","3","male",25,0,0,7.25,"S","Mr",NA,""
"787","1","3","female",18,0,0,7.4958,"S","Miss",NA,""
"788","0","3","male",8,4,1,29.125,"Q","Master",NA,""
"789","1","3","male",1,1,2,20.575,"S","Master",NA,""
"790","0","1","male",46,0,0,79.2,"C","Mr",NA,"B"
"791","0","3","male",30,0,0,7.75,"Q","Mr",NA,""
"792","0","2","male",16,0,0,26,"S","Mr",NA,""
"793","0","3","female",22,8,2,69.55,"S","Miss",NA,""
"794","0","1","male",30,0,0,30.6958,"C","Mr",NA,""
"795","0","3","male",25,0,0,7.8958,"S","Mr",NA,""
"796","0","2","male",39,0,0,13,"S","Mr",NA,""
"797","1","1","female",49,0,0,25.9292,"S","Mr",NA,"D"
"798","1","3","female",31,0,0,8.6833,"S","Mrs",NA,""
"799","0","3","male",30,0,0,7.2292,"C","Mr",NA,""
"800","0","3","female",30,1,1,24.15,"S","Mrs",NA,""
"801","0","2","male",34,0,0,13,"S","Mr",NA,""
"802","1","2","female",31,1,1,26.25,"S","Mrs",NA,""
"803","1","1","male",11,1,2,120,"S","Master",NA,"B"
"804","1","3","male",0.42,0,1,8.5167,"C","Master",NA,""
"805","1","3","male",27,0,0,6.975,"S","Mr",NA,""
"806","0","3","male",31,0,0,7.775,"S","Mr",NA,""
"807","0","1","male",39,0,0,0,"S","Mr",NA,"A"
"808","0","3","female",18,0,0,7.775,"S","Miss",NA,""
"809","0","2","male",39,0,0,13,"S","Mr",NA,""
"810","1","1","female",33,1,0,53.1,"S","Mrs",NA,"E"
"811","0","3","male",26,0,0,7.8875,"S","Mr",NA,""
"812","0","3","male",39,0,0,24.15,"S","Mr",NA,""
"813","0","2","male",35,0,0,10.5,"S","Mr",NA,""
"814","0","3","female",6,4,2,31.275,"S","Miss",NA,""
"815","0","3","male",30.5,0,0,8.05,"S","Mr",NA,""
"816","0","1","male",30,0,0,0,"S","Mr",NA,"B"
"817","0","3","female",23,0,0,7.925,"S","Miss",NA,""
"818","0","2","male",31,1,1,37.0042,"C","Mr",NA,""
"819","0","3","male",43,0,0,6.45,"S","Mr",NA,""
"820","0","3","male",10,3,2,27.9,"S","Master",NA,""
"821","1","1","female",52,1,1,93.5,"S","Mrs",NA,"B"
"822","1","3","male",27,0,0,8.6625,"S","Mr",NA,""
"823","0","1","male",38,0,0,0,"S","Mr",NA,""
"824","1","3","female",27,0,1,12.475,"S","Mrs",NA,"E"
"825","0","3","male",2,4,1,39.6875,"S","Master",NA,""
"826","0","3","male",30,0,0,6.95,"Q","Mr",NA,""
"827","0","3","male",30,0,0,56.4958,"S","Mr",NA,""
"828","1","2","male",1,0,2,37.0042,"C","Master",NA,""
"829","1","3","male",30,0,0,7.75,"Q","Mr",NA,""
"830","1","1","female",62,0,0,80,"","Mrs",NA,"B"
"831","1","3","female",15,1,0,14.4542,"C","Mrs",NA,""
"832","1","2","male",0.83,1,1,18.75,"S","Master",NA,""
"833","0","3","male",30,0,0,7.2292,"C","Mr",NA,""
"834","0","3","male",23,0,0,7.8542,"S","Mr",NA,""
"835","0","3","male",18,0,0,8.3,"S","Mr",NA,""
"836","1","1","female",39,1,1,83.1583,"C","Miss",NA,"E"
"837","0","3","male",21,0,0,8.6625,"S","Mr",NA,""
"838","0","3","male",30,0,0,8.05,"S","Mr",NA,""
"839","1","3","male",32,0,0,56.4958,"S","Mr",NA,""
"840","1","1","male",30,0,0,29.7,"C","Mr",NA,"C"
"841","0","3","male",20,0,0,7.925,"S","Mr",NA,""
"842","0","2","male",16,0,0,10.5,"S","Mr",NA,""
"843","1","1","female",30,0,0,31,"C","Miss",NA,""
"844","0","3","male",34.5,0,0,6.4375,"C","Mr",NA,""
"845","0","3","male",17,0,0,8.6625,"S","Mr",NA,""
"846","0","3","male",42,0,0,7.55,"S","Mr",NA,""
"847","0","3","male",30,8,2,69.55,"S","Mr",NA,""
"848","0","3","male",35,0,0,7.8958,"C","Mr",NA,""
"849","0","2","male",28,0,1,33,"S","Mr",NA,""
"850","1","1","female",35,1,0,89.1042,"C","Mrs",NA,"C"
"851","0","3","male",4,4,2,31.275,"S","Master",NA,""
"852","0","3","male",74,0,0,7.775,"S","Mr",NA,""
"853","0","3","female",9,1,1,15.2458,"C","Miss",NA,""
"854","1","1","female",16,0,1,39.4,"S","Miss",NA,"D"
"855","0","2","female",44,1,0,26,"S","Mrs",NA,""
"856","1","3","female",18,0,1,9.35,"S","Mrs",NA,""
"857","1","1","female",45,1,1,164.8667,"S","Mrs",NA,""
"858","1","1","male",51,0,0,26.55,"S","Mr",NA,"E"
"859","1","3","female",24,0,3,19.2583,"C","Mrs",NA,""
"860","0","3","male",30,0,0,7.2292,"C","Mr",NA,""
"861","0","3","male",41,2,0,14.1083,"S","Mr",NA,""
"862","0","2","male",21,1,0,11.5,"S","Mr",NA,""
"863","1","1","female",48,0,0,25.9292,"S","Mrs",NA,"D"
"864","0","3","female",22,8,2,69.55,"S","Miss",NA,""
"865","0","2","male",24,0,0,13,"S","Mr",NA,""
"866","1","2","female",42,0,0,13,"S","Mrs",NA,""
"867","1","2","female",27,1,0,13.8583,"C","Miss",NA,""
"868","0","1","male",31,0,0,50.4958,"S","Mr",NA,"A"
"869","0","3","male",30,0,0,9.5,"S","Mr",NA,""
"870","1","3","male",4,1,1,11.1333,"S","Master",NA,""
"871","0","3","male",26,0,0,7.8958,"S","Mr",NA,""
"872","1","1","female",47,1,1,52.5542,"S","Mrs",NA,"D"
"873","0","1","male",33,0,0,5,"S","Mr",NA,"B"
"874","0","3","male",47,0,0,9,"S","Mr",NA,""
"875","1","2","female",28,1,0,24,"C","Mrs",NA,""
"876","1","3","female",15,0,0,7.225,"C","Miss",NA,""
"877","0","3","male",20,0,0,9.8458,"S","Mr",NA,""
"878","0","3","male",19,0,0,7.8958,"S","Mr",NA,""
"879","0","3","male",30,0,0,7.8958,"S","Mr",NA,""
"880","1","1","female",56,0,1,83.1583,"C","Mrs",NA,"C"
"881","1","2","female",25,0,1,26,"S","Mrs",NA,""
"882","0","3","male",33,0,0,7.8958,"S","Mr",NA,""
"883","0","3","female",22,0,0,10.5167,"S","Miss",NA,""
"884","0","2","male",28,0,0,10.5,"S","Mr",NA,""
"885","0","3","male",25,0,0,7.05,"S","Mr",NA,""
"886","0","3","female",39,0,5,29.125,"Q","Mrs",NA,""
"887","0","2","male",27,0,0,13,"S","Mr",NA,""
"888","1","1","female",19,0,0,30,"S","Miss",NA,"B"
"889","0","3","female",22,1,2,23.45,"S","Miss",NA,""
"890","1","1","male",26,0,0,30,"C","Mr",NA,"C"
"891","0","3","male",32,0,0,7.75,"Q","Mr",NA,""
